priority_score	chrom	pos	ref	alt	gene	stars	rcv	truth_class	fastvep_class	consequence	n_criteria	met_criteria	review_question
50003	2	26463969	C	G	OTOF	3	ClinGen:CA345132	Pathogenic	Likely_benign	missense_variant	3	PS1;BS2;BP4	Why does fastVEP call Likely_benign when ClinVar (3-star) says Pathogenic?
50003	2	38075207	C	T	CYP1B1	3	ClinGen:CA254237|OMIM:601771.0003|UniProtKB:Q16678#VAR_001244	Pathogenic	Likely_benign	missense_variant	3	PS1;BS2;BP4	Why does fastVEP call Likely_benign when ClinVar (3-star) says Pathogenic?
10005	2	165344715	A	G	SCN2A	3	ClinGen:CA155058	Benign	Likely_pathogenic	missense_variant	5	PM1;PM2_Supporting;PM5;PP2;BP4	Why does fastVEP call Likely_pathogenic when ClinVar (3-star) says Benign?
10003	2	47416297	G	T	MSH2	3	ClinGen:CA022611	Likely_benign	Likely_pathogenic	missense_variant	3	PS1;PM1;BP4	Why does fastVEP call Likely_pathogenic when ClinVar (3-star) says Likely_benign?
10002	1	171652476	G	A	MYOC	3	ClinGen:CA119179|OMIM:601652.0011	Likely_benign	Likely_pathogenic	stop_gained	2	PVS1;PM2_Supporting	Why does fastVEP call Likely_pathogenic when ClinVar (3-star) says Likely_benign?
10002	2	47806652	GTAAC	G	MSH6	3	ClinGen:CA015106	Likely_benign	Likely_pathogenic	splice_donor_variant	2	PVS1;PM2_Supporting	Why does fastVEP call Likely_pathogenic when ClinVar (3-star) says Likely_benign?
10002	2	47806842	T	TTTGA	MSH6	3	ClinGen:CA015381	Likely_benign	Likely_pathogenic	frameshift_variant	2	PVS1;PM2_Supporting	Why does fastVEP call Likely_pathogenic when ClinVar (3-star) says Likely_benign?
5004	1	8360361	G	A	RERE	2	ClinGen:CA10581278	Pathogenic	Likely_benign	missense_variant	4	PS1;PM2_Supporting;BP1;BP4	Why does fastVEP call Likely_benign when ClinVar (2-star) says Pathogenic?
5004	1	21564139	G	A	ALPL	2	ClinGen:CA256927|Genetic_Testing_Registry_(GTR):GTR000077620|OMIM:171760.0008|UniProtKB:P05186#VAR_006158	Pathogenic	Likely_benign	missense_variant	4	PM1;PM5;BS2;BP4	Why does fastVEP call Likely_benign when ClinVar (2-star) says Pathogenic?
5004	1	102984181	C	T	COL11A1	2	ClinGen:CA27704961	Pathogenic	Likely_benign	missense_variant	4	PS1;PM2_Supporting;BP1;BP4	Why does fastVEP call Likely_benign when ClinVar (2-star) says Pathogenic?
5004	1	155904375	C	A	RIT1	2	ClinGen:CA10602738	Pathogenic	Likely_benign	missense_variant	4	PS1;PM2_Supporting;BP1;BP4	Why does fastVEP call Likely_benign when ClinVar (2-star) says Pathogenic?
5004	1	155910671	C	G	RIT1	2	ClinGen:CA342776221	Pathogenic	Likely_benign	missense_variant	4	PS1;PM2_Supporting;BP1;BP4	Why does fastVEP call Likely_benign when ClinVar (2-star) says Pathogenic?
5004	1	225404655	C	T	LBR	2	ClinGen:CA1417117	Pathogenic	Likely_benign	missense_variant	4	PS1;PM2_Supporting;BP1;BP4	Why does fastVEP call Likely_benign when ClinVar (2-star) says Pathogenic?
5004	2	96287968	G	A	SNRNP200	2	ClinGen:CA254265|OMIM:601664.0001|UniProtKB:O75643#VAR_063539	Pathogenic	Likely_benign	missense_variant	4	PS1;PP2;BS2;BP4	Why does fastVEP call Likely_benign when ClinVar (2-star) says Pathogenic?
5004	3	10371960	G	A	ATP2B2	2	ClinGen:CA351783592	Pathogenic	Likely_benign	missense_variant	4	PS1;PP2;BS2;BP4	Why does fastVEP call Likely_benign when ClinVar (2-star) says Pathogenic?
5004	3	58081668	G	A	FLNB	2	ClinGen:CA130018|OMIM:603381.0011|UniProtKB:O75369#VAR_033075	Pathogenic	Likely_benign	missense_variant	4	PS1;PP2;BS2;BP4	Why does fastVEP call Likely_benign when ClinVar (2-star) says Pathogenic?
5004	3	69964940	G	A	MITF	2	ClinGen:CA128649|Genetic_Testing_Registry_(GTR):GTR000595964|Genetic_Testing_Registry_(GTR):GTR000613325|Genetic_Testing_Registry_(GTR):GTR000613326|OMIM:156845.0009	Pathogenic	Likely_benign	missense_variant	4	PS1;BS2;BP1;BP4	Why does fastVEP call Likely_benign when ClinVar (2-star) says Pathogenic?
5003	1	9982630	G	A	NMNAT1	2	ClinGen:CA342906|OMIM:608700.0002|UniProtKB:Q9HAN9#VAR_068882	Pathogenic	Likely_benign	missense_variant	3	PS1;BS2;BP4	Why does fastVEP call Likely_benign when ClinVar (2-star) says Pathogenic?
5003	1	15461640	C	T	CELA2A	2	ClinGen:CA613601	Pathogenic	Likely_benign	missense_variant	3	PS1;BS2;BP4	Why does fastVEP call Likely_benign when ClinVar (2-star) says Pathogenic?
5003	1	17262194	T	A	PADI3	2	ClinGen:CA639649|OMIM:606755.0002	Pathogenic	Likely_benign	missense_variant	3	PS1;BS2;BP4	Why does fastVEP call Likely_benign when ClinVar (2-star) says Pathogenic?
5003	1	17280704	C	T	PADI3	2	ClinGen:CA640197	Pathogenic	Likely_benign	missense_variant	3	PS1;BS2;BP4	Why does fastVEP call Likely_benign when ClinVar (2-star) says Pathogenic?
5003	1	21568193	G	T	ALPL	2	ClinGen:CA338879311	Pathogenic	Likely_benign	missense_variant	3	PS1;BS2;BP4	Why does fastVEP call Likely_benign when ClinVar (2-star) says Pathogenic?
5003	1	21568201	G	T	ALPL	2	ClinGen:CA123350|OMIM:171760.0021|UniProtKB:P05186#VAR_013988	Pathogenic	Likely_benign	missense_variant	3	PS1;BS2;BP4	Why does fastVEP call Likely_benign when ClinVar (2-star) says Pathogenic?
5003	1	25809753	G	A	SELENON	2	ClinGen:CA223589|OMIM:606210.0008|UniProtKB:Q9NZV5#VAR_019637	Pathogenic	Likely_benign	missense_variant	3	PP3_Strong;BS2;BP4	Why does fastVEP call Likely_benign when ClinVar (2-star) says Pathogenic?
5003	1	44981080	A	G	EIF2B3	2	ClinGen:CA824107	Pathogenic	Likely_benign	missense_variant	3	PS1;BP1;BP4	Why does fastVEP call Likely_benign when ClinVar (2-star) says Pathogenic?
5003	1	53202427	C	T	CPT2	2	ClinGen:CA254605|OMIM:600650.0002|UniProtKB:P23786#VAR_001392	Pathogenic	Likely_benign	missense_variant	3	PS1;BS2;BP4	Why does fastVEP call Likely_benign when ClinVar (2-star) says Pathogenic?
5003	1	55039931	G	A	PCSK9	2	ClinGen:CA045184	Pathogenic	Likely_benign	missense_variant	3	PS1;BS2;BP4	Why does fastVEP call Likely_benign when ClinVar (2-star) says Pathogenic?
5003	2	47806651	G	GGTAACTAACTAACTATAATGGAATT	MSH6	2	ClinGen:CA2580067554	Likely_benign	Pathogenic	splice_donor_variant	3	PVS1;PM1;PM2_Supporting	Why does fastVEP call Pathogenic when ClinVar (2-star) says Likely_benign?
5003	2	113060902	T	C	IL36RN	2	ClinGen:CA129266|OMIM:605507.0001|UniProtKB:Q9UBH0#VAR_066646	Pathogenic	Likely_benign	missense_variant	3	PS1;BS2;BP4	Why does fastVEP call Likely_benign when ClinVar (2-star) says Pathogenic?
5003	3	93905799	T	C	PROS1	2	ClinGen:CA123032|OMIM:176880.0003|UniProtKB:P07225#VAR_005566	Pathogenic	Likely_benign	missense_variant	3	PS1;BS2;BP4	Why does fastVEP call Likely_benign when ClinVar (2-star) says Pathogenic?
5003	4	1801671	C	T	FGFR3	2	ClinGen:CA355975545	Pathogenic	Likely_benign	missense_variant	3	PS1;BP1;BP4	Why does fastVEP call Likely_benign when ClinVar (2-star) says Pathogenic?
5003	4	15987683	G	A	PROM1	2	ClinGen:CA356429042	Pathogenic	Benign	missense_variant	3	PS1;BS2;BP4_Moderate	Why does fastVEP call Benign when ClinVar (2-star) says Pathogenic?
5003	4	16013299	G	A	PROM1	2	ClinGen:CA117645|OMIM:604365.0003|UniProtKB:O43490#VAR_057961	Pathogenic	Likely_benign	missense_variant	3	PS1;BS2;BP4	Why does fastVEP call Likely_benign when ClinVar (2-star) says Pathogenic?
5003	4	47937535	G	A	CNGA1	2	ClinGen:CA126990|OMIM:123825.0003|UniProtKB:P29973#VAR_009297	Pathogenic	Likely_benign	missense_variant	3	PS1;BS2;BP4	Why does fastVEP call Likely_benign when ClinVar (2-star) says Pathogenic?
5003	4	105438002	G	A	PPA2	2	ClinGen:CA3032519	Pathogenic	Likely_benign	missense_variant	3	PS1;BS2;BP4	Why does fastVEP call Likely_benign when ClinVar (2-star) says Pathogenic?
5003	4	127920826	A	G	MFSD8	2	ClinGen:CA3077232	Pathogenic	Likely_benign	missense_variant	3	PS1;BS2;BP4	Why does fastVEP call Likely_benign when ClinVar (2-star) says Pathogenic?
5003	5	1212338	G	A	SLC6A19	2	ClinGen:CA115307|OMIM:608893.0003|UniProtKB:Q695T7#VAR_023315	Pathogenic	Benign	missense_variant	3	PS1;BS2;BP4_Moderate	Why does fastVEP call Benign when ClinVar (2-star) says Pathogenic?
5003	5	1264435	G	A	TERT	2	ClinGen:CA359071530	Pathogenic	Likely_benign	missense_variant	3	PS1;BS2;BP4	Why does fastVEP call Likely_benign when ClinVar (2-star) says Pathogenic?
5003	5	1266480	C	T	TERT	2	ClinGen:CA359073151	Pathogenic	Likely_benign	missense_variant	3	PS1;BS2;BP4	Why does fastVEP call Likely_benign when ClinVar (2-star) says Pathogenic?
5003	5	1279311	G	A	TERT	2	ClinGen:CA128731|OMIM:187270.0014|UniProtKB:O14746#VAR_068793	Pathogenic	Likely_benign	missense_variant	3	PS1;BS2;BP4	Why does fastVEP call Likely_benign when ClinVar (2-star) says Pathogenic?
5003	5	33984219	T	C	SLC45A2	2	ClinGen:CA3225821	Pathogenic	Likely_benign	missense_variant	3	PS1;BS2;BP4	Why does fastVEP call Likely_benign when ClinVar (2-star) says Pathogenic?
5003	5	37244521	C	T	CPLANE1	2	ClinGen:CA277763	Pathogenic	Likely_benign	missense_variant	3	PS1;BS2;BP4	Why does fastVEP call Likely_benign when ClinVar (2-star) says Pathogenic?
5002	1	22639291	C	T	C1QA	2	ClinGen:CA127070|OMIM:120550.0001	Pathogenic	Likely_benign	intron_variant	2	BS2;BP4	Why does fastVEP call Likely_benign when ClinVar (2-star) says Pathogenic?
5002	1	36468158	C	T	CSF3R	2	ClinGen:CA769126|OMIM:138971.0006	Pathogenic	Likely_benign	intron_variant	2	BS2;BP4	Why does fastVEP call Likely_benign when ClinVar (2-star) says Pathogenic?
5002	1	45331503	G	A	MUTYH	2	ClinGen:CA055585	Pathogenic	Likely_benign	downstream_gene_variant	2	BS2;BP4	Why does fastVEP call Likely_benign when ClinVar (2-star) says Pathogenic?
5002	1	45331556	C	T	MUTYH	2	ClinGen:CA011561|OMIM:604933.0002	Pathogenic	Likely_benign	downstream_gene_variant	2	BS2;BP4	Why does fastVEP call Likely_benign when ClinVar (2-star) says Pathogenic?
5002	1	45332242	C	T	MUTYH	2	ClinGen:CA014470	Pathogenic	Likely_benign	downstream_gene_variant	2	BS2;BP4	Why does fastVEP call Likely_benign when ClinVar (2-star) says Pathogenic?
5002	1	45332803	T	C	MUTYH	2	ClinGen:CA011761|OMIM:604933.0001	Pathogenic	Likely_benign	downstream_gene_variant	2	BS2;BP4	Why does fastVEP call Likely_benign when ClinVar (2-star) says Pathogenic?
5002	1	47417035	C	A	FOXE3	2	ClinGen:CA119630|OMIM:601094.0002|OMIM:601094.0004	Pathogenic	Likely_benign	intron_variant	2	BS2;BP4	Why does fastVEP call Likely_benign when ClinVar (2-star) says Pathogenic?
5002	2	1494011	C	G	TPO	2	ClinGen:CA116635|OMIM:606765.0014|UniProtKB:P07202#VAR_021632	Pathogenic	Likely_benign	intron_variant	2	BS2;BP4	Why does fastVEP call Likely_benign when ClinVar (2-star) says Pathogenic?
5002	2	3550458	C	T	RNASEH1	2	ClinGen:CA1516262|OMIM:604123.0001	Pathogenic	Likely_benign	missense_variant	2	BS2;BP4	Why does fastVEP call Likely_benign when ClinVar (2-star) says Pathogenic?
5002	2	44286074	C	T	SLC3A1	2	ClinGen:CA1640281	Pathogenic	Likely_benign	3_prime_UTR_variant	2	BS2;BP4	Why does fastVEP call Likely_benign when ClinVar (2-star) says Pathogenic?
5002	2	44312653	T	A	SLC3A1	2	ClinGen:CA127831|OMIM:104614.0002|UniProtKB:Q07837#VAR_011428	Pathogenic	Likely_benign	3_prime_UTR_variant	2	BS2;BP4	Why does fastVEP call Likely_benign when ClinVar (2-star) says Pathogenic?
5002	2	44312653	T	C	SLC3A1	2	ClinGen:CA127830|OMIM:104614.0001|UniProtKB:Q07837#VAR_011427	Pathogenic	Likely_benign	3_prime_UTR_variant	2	BS2;BP4	Why does fastVEP call Likely_benign when ClinVar (2-star) says Pathogenic?
5002	3	15645647	G	A	BTD	2	ClinGen:CA70623461	Pathogenic	Likely_benign	3_prime_UTR_variant	2	BS2;BP4	Why does fastVEP call Likely_benign when ClinVar (2-star) says Pathogenic?
5002	3	49723648	C	G	GMPPB	2	ClinGen:CA144567|OMIM:615320.0007|UniProtKB:Q9Y5P6#VAR_070143	Pathogenic	Likely_benign	downstream_gene_variant	2	BS2;BP4	Why does fastVEP call Likely_benign when ClinVar (2-star) says Pathogenic?
5002	3	50345533	A	C	ZMYND10	2	ClinGen:CA214439|OMIM:607070.0001|UniProtKB:O75800#VAR_070184	Pathogenic	Likely_benign	upstream_gene_variant	2	BS2;BP4	Why does fastVEP call Likely_benign when ClinVar (2-star) says Pathogenic?
5002	4	67740682	C	T	GNRHR	2	ClinGen:CA130198|OMIM:138850.0002|UniProtKB:P30968#VAR_019319	Pathogenic	Likely_benign	intron_variant	2	BS2;BP4	Why does fastVEP call Likely_benign when ClinVar (2-star) says Pathogenic?
5002	4	67754019	T	C	GNRHR	2	ClinGen:CA130197|OMIM:138850.0001|UniProtKB:P30968#VAR_019313	Pathogenic	Likely_benign	intron_variant	2	BS2;BP4	Why does fastVEP call Likely_benign when ClinVar (2-star) says Pathogenic?
1005	1	237445473	A	G	RYR2	2	ClinGen:CA085184	Likely_benign	Likely_pathogenic	missense_variant	5	PM1;PM2_Supporting;PM5;PP2;BP4	Why does fastVEP call Likely_pathogenic when ClinVar (2-star) says Likely_benign?
1004	1	102984172	C	A	COL11A1	2	ClinGen:CA341165057	Likely_pathogenic	Likely_benign	missense_variant	4	PS1;PM2_Supporting;BP1;BP4	Why does fastVEP call Likely_benign when ClinVar (2-star) says Likely_pathogenic?
1004	1	247424229	A	.	NLRP3	2	138529	Benign	Likely_pathogenic	missense_variant	4	PM1;PM2_Supporting;PM5;PP2	Why does fastVEP call Likely_pathogenic when ClinVar (2-star) says Benign?
1003	1	11802980	C	T	MTHFR	2	ClinGen:CA198559|UniProtKB:P42898#VAR_074111	Likely_pathogenic	Likely_benign	missense_variant	3	PS1;BS2;BP4	Why does fastVEP call Likely_benign when ClinVar (2-star) says Likely_pathogenic?
1003	1	21554110	T	C	ALPL	2	ClinGen:CA338876368	Likely_pathogenic	Likely_benign	missense_variant	3	PS1;BS2;BP4	Why does fastVEP call Likely_benign when ClinVar (2-star) says Likely_pathogenic?
1003	1	21576639	A	G	ALPL	2	4060319	Likely_pathogenic	Likely_benign	missense_variant	3	PS1;BS2;BP4	Why does fastVEP call Likely_benign when ClinVar (2-star) says Likely_pathogenic?
1003	2	72132576	C	T	CYP26B1	2	ClinGen:CA1707813	Likely_pathogenic	Likely_benign	missense_variant	3	PS1;BP1;BP4	Why does fastVEP call Likely_benign when ClinVar (2-star) says Likely_pathogenic?
1003	3	48580300	C	T	COL7A1	2	ClinGen:CA2379681	Likely_pathogenic	Likely_benign	splice_region_variant	3	PM1;BP4;BP7	Why does fastVEP call Likely_benign when ClinVar (2-star) says Likely_pathogenic?
1003	4	88038282	A	G	PKD2	2	ClinGen:CA357632375	Likely_pathogenic	Likely_benign	missense_variant	3	PS1;BS2;BP4	Why does fastVEP call Likely_benign when ClinVar (2-star) says Likely_pathogenic?
1003	5	1279410	G	A	TERT	2	ClinGen:CA16611699|OMIM:187270.0024	Likely_pathogenic	Likely_benign	missense_variant	3	PS1;BS2;BP4	Why does fastVEP call Likely_benign when ClinVar (2-star) says Likely_pathogenic?
1003	5	1282498	G	A	TERT	2	ClinGen:CA10588391	Likely_pathogenic	Likely_benign	missense_variant	3	PS1;BS2;BP4	Why does fastVEP call Likely_benign when ClinVar (2-star) says Likely_pathogenic?
1003	5	1294539	G	A	TERT	2	ClinGen:CA359058219	Likely_pathogenic	Likely_benign	missense_variant	3	PS1;BS2;BP4	Why does fastVEP call Likely_benign when ClinVar (2-star) says Likely_pathogenic?
1002	1	1049050	TGCAGCTCAGGTGGGCGGGGAGGGGACGGGGCCGGG	T	AGRN	2	ClinGen:CA509378	Likely_benign	Likely_pathogenic	frameshift_variant	2	PVS1;PM2_Supporting	Why does fastVEP call Likely_pathogenic when ClinVar (2-star) says Likely_benign?
1002	1	1049050	TGCAGCTCAGGTGGGCGGGGAGGGGACGGGGCCGGGGCAGCTCAGGTGGGCGGGGAGGGGACGGGCGGGGGAGGGGGGGCCGGG	T	AGRN	2	ClinGen:CA509377	Benign	Likely_pathogenic	frameshift_variant	2	PVS1;PM2_Supporting	Why does fastVEP call Likely_pathogenic when ClinVar (2-star) says Benign?
1002	1	5875102	T	.	NPHP4	2	167375	Benign	Likely_pathogenic	splice_acceptor_variant	2	PVS1;PM2_Supporting	Why does fastVEP call Likely_pathogenic when ClinVar (2-star) says Benign?
1002	1	11241682	CTG	C	MTOR	2	ClinGen:CA590715	Likely_benign	Likely_pathogenic	splice_acceptor_variant	2	PVS1;PM2_Supporting	Why does fastVEP call Likely_pathogenic when ClinVar (2-star) says Likely_benign?
1002	1	17024075	C	CTGTATGGGGAGAAAAGAGAGGCAGGAGCT	SDHB	2	ClinGen:CA637816	Likely_benign	Likely_pathogenic	splice_acceptor_variant	2	PVS1;PM2_Supporting	Why does fastVEP call Likely_pathogenic when ClinVar (2-star) says Likely_benign?
1002	1	21833926	C	CT	HSPG2	2	ClinGen:CA670030	Benign	Likely_pathogenic	splice_acceptor_variant	2	PVS1;PM2_Supporting	Why does fastVEP call Likely_pathogenic when ClinVar (2-star) says Benign?
1002	1	55039903	CCTGGGTCCCGCGGGCGCCCGTGCGCA	C	PCSK9	2	ClinGen:CA2697552434	Likely_benign	Likely_pathogenic	frameshift_variant	2	PVS1;PM2_Supporting	Why does fastVEP call Likely_pathogenic when ClinVar (2-star) says Likely_benign?
1002	1	55039925	G	GCGCA	PCSK9	2	ClinGen:CA523275415	Likely_benign	Likely_pathogenic	frameshift_variant	2	PVS1;PM2_Supporting	Why does fastVEP call Likely_pathogenic when ClinVar (2-star) says Likely_benign?
1002	1	55046570	CTT	C	PCSK9	2	ClinGen:CA023160	Likely_benign	Likely_pathogenic	frameshift_variant	2	PVS1;PM2_Supporting	Why does fastVEP call Likely_pathogenic when ClinVar (2-star) says Likely_benign?
1002	1	55052386	AGGACGGGACCC	A	PCSK9	2	ClinGen:CA913187520	Likely_benign	Likely_pathogenic	frameshift_variant	2	PVS1;PM2_Supporting	Why does fastVEP call Likely_pathogenic when ClinVar (2-star) says Likely_benign?
1002	1	55052746	GT	G	PCSK9	2	ClinGen:CA871478	Likely_benign	Likely_pathogenic	frameshift_variant	2	PVS1;PM2_Supporting	Why does fastVEP call Likely_pathogenic when ClinVar (2-star) says Likely_benign?
1002	1	55058164	AC	A	PCSK9	2	ClinGen:CA2825000981	Likely_benign	Likely_pathogenic	frameshift_variant	2	PVS1;PM2_Supporting	Why does fastVEP call Likely_pathogenic when ClinVar (2-star) says Likely_benign?
1002	1	58690418	C	T	MYSM1	2	ClinGen:CA878103	Likely_pathogenic	Likely_benign	intron_variant	2	BS2;BP4	Why does fastVEP call Likely_benign when ClinVar (2-star) says Likely_pathogenic?
1002	1	120069388	CGG	C	NOTCH2	2	ClinGen:CA248875	Benign	Likely_pathogenic	frameshift_variant	2	PVS1;PM2_Supporting	Why does fastVEP call Likely_pathogenic when ClinVar (2-star) says Benign?
1002	1	179914055	G	A	TOR1AIP1	2	ClinGen:CA1269055	Benign	Likely_pathogenic	splice_donor_variant	2	PVS1;PM2_Supporting	Why does fastVEP call Likely_pathogenic when ClinVar (2-star) says Benign?
1002	1	197101686	A	C	ASPM	2	ClinGen:CA171244	Benign	Likely_pathogenic	stop_gained	2	PVS1;PM2_Supporting	Why does fastVEP call Likely_pathogenic when ClinVar (2-star) says Benign?
1002	1	210683309	G	C	KCNH1	2	ClinGen:CA1379557	Likely_benign	Likely_pathogenic	stop_gained	2	PVS1;PM2_Supporting	Why does fastVEP call Likely_pathogenic when ClinVar (2-star) says Likely_benign?
1002	1	236861123	A	T	MTR	2	ClinGen:CA1474285	Likely_benign	Likely_pathogenic	splice_acceptor_variant	2	PVS1;PM2_Supporting	Why does fastVEP call Likely_pathogenic when ClinVar (2-star) says Likely_benign?
1002	1	244854464	G	A	HNRNPU	2	ClinGen:CA345486217	Benign	Likely_pathogenic	stop_gained	2	PVS1;PM2_Supporting	Why does fastVEP call Likely_pathogenic when ClinVar (2-star) says Benign?
1002	2	8751645	C	CT	KIDINS220	2	ClinGen:CA1519787	Likely_benign	Likely_pathogenic	splice_acceptor_variant	2	PVS1;PM2_Supporting	Why does fastVEP call Likely_pathogenic when ClinVar (2-star) says Likely_benign?
1002	2	47408556	G	GTAAT	MSH2	2	ClinGen:CA532342944	Likely_benign	Likely_pathogenic	splice_donor_variant	2	PVS1;PM2_Supporting	Why does fastVEP call Likely_pathogenic when ClinVar (2-star) says Likely_benign?
1002	2	47805028	G	GTGAGT	MSH6	2	ClinGen:CA2499216132	Likely_benign	Likely_pathogenic	splice_donor_variant	2	PVS1;PM2_Supporting	Why does fastVEP call Likely_pathogenic when ClinVar (2-star) says Likely_benign?
1002	2	47806358	G	GGTAT	MSH6	2	ClinGen:CA532705492	Likely_benign	Likely_pathogenic	splice_donor_variant	2	PVS1;PM2_Supporting	Why does fastVEP call Likely_pathogenic when ClinVar (2-star) says Likely_benign?
1002	2	47806652	G	GTAAC	MSH6	2	ClinGen:CA015114	Benign	Likely_pathogenic	splice_donor_variant	2	PVS1;PM2_Supporting	Why does fastVEP call Likely_pathogenic when ClinVar (2-star) says Benign?
1002	2	47806652	GTAACTAACTAACTATAATGGAATTA	G	MSH6	2	ClinGen:CA072491	Likely_benign	Likely_pathogenic	splice_donor_variant	2	PVS1;PM2_Supporting	Why does fastVEP call Likely_pathogenic when ClinVar (2-star) says Likely_benign?
1002	2	47806858	TA	T	MSH6	2	ClinGen:CA658795769	Likely_benign	Likely_pathogenic	frameshift_variant	2	PVS1;PM2_Supporting	Why does fastVEP call Likely_pathogenic when ClinVar (2-star) says Likely_benign?
1002	2	162268164	G	T	IFIH1	2	ClinGen:CA1934091	Likely_benign	Likely_pathogenic	stop_gained	2	PVS1;PM2_Supporting	Why does fastVEP call Likely_pathogenic when ClinVar (2-star) says Likely_benign?
1002	2	162273931	TC	T	IFIH1	2	ClinGen:CA1934222	Likely_benign	Likely_pathogenic	frameshift_variant	2	PVS1;PM2_Supporting	Why does fastVEP call Likely_pathogenic when ClinVar (2-star) says Likely_benign?
1002	2	162277435	AATCT	A	IFIH1	2	ClinGen:CA1934327	Benign	Likely_pathogenic	frameshift_variant	2	PVS1;PM2_Supporting	Why does fastVEP call Likely_pathogenic when ClinVar (2-star) says Benign?
1002	2	231360823	C	CG	ARMC9	2	ClinGen:CA66862395	Benign	Likely_pathogenic	frameshift_variant	2	PVS1;PM2_Supporting	Why does fastVEP call Likely_pathogenic when ClinVar (2-star) says Benign?
1002	2	232847515	C	CCG	GIGYF2	2	ClinGen:CA2170922	Benign	Likely_pathogenic	frameshift_variant	2	PVS1;PM2_Supporting	Why does fastVEP call Likely_pathogenic when ClinVar (2-star) says Benign?
1002	2	232847517	A	AG	GIGYF2	2	ClinGen:CA2170927	Benign	Likely_pathogenic	frameshift_variant	2	PVS1;PM2_Supporting	Why does fastVEP call Likely_pathogenic when ClinVar (2-star) says Benign?
1002	3	47005320	C	CGGTGCGGCCCAGGGGCT	NBEAL2	2	3388512	Benign	Likely_pathogenic	frameshift_variant	2	PVS1;PM2_Supporting	Why does fastVEP call Likely_pathogenic when ClinVar (2-star) says Benign?
1002	3	134250644	G	GC	RYK	2	ClinGen:CA249125	Benign	Likely_pathogenic	frameshift_variant	2	PVS1;PM2_Supporting	Why does fastVEP call Likely_pathogenic when ClinVar (2-star) says Benign?
1002	3	180616289	T	TA	CCDC39	2	ClinGen:CA201488	Benign	Likely_pathogenic	frameshift_variant	2	PVS1;PM2_Supporting	Why does fastVEP call Likely_pathogenic when ClinVar (2-star) says Benign?
1002	3	189737739	G	C	TP63	2	ClinGen:CA2752018	Likely_benign	Likely_pathogenic	splice_acceptor_variant	2	PVS1;PM2_Supporting	Why does fastVEP call Likely_pathogenic when ClinVar (2-star) says Likely_benign?
1002	4	657494	GGTGCGGCGGGGCAGGACGTCCAGGGGTCACCCAGGGGTCACGGCT	G	PDE6B	2	ClinGen:CA2794471	Benign	Likely_pathogenic	splice_donor_variant	2	PVS1;PM2_Supporting	Why does fastVEP call Likely_pathogenic when ClinVar (2-star) says Benign?
1002	4	54658082	G	GTGGGACACCGCGGC	KIT	2	ClinGen:CA796358032	Likely_benign	Likely_pathogenic	splice_donor_variant	2	PVS1;PM2_Supporting	Why does fastVEP call Likely_pathogenic when ClinVar (2-star) says Likely_benign?
1002	4	71557709	C	CA	SLC4A4	2	ClinGen:CA2955215	Benign	Likely_pathogenic	splice_acceptor_variant	2	PVS1;PM2_Supporting	Why does fastVEP call Likely_pathogenic when ClinVar (2-star) says Benign?
1002	4	158690426	G	GTAAACCT	ETFDH	2	ClinGen:CA3122428	Likely_benign	Likely_pathogenic	splice_donor_variant	2	PVS1;PM2_Supporting	Why does fastVEP call Likely_pathogenic when ClinVar (2-star) says Likely_benign?
1002	5	13864638	CTG	C	DNAH5	2	ClinGen:CA10586905	Likely_benign	Likely_pathogenic	splice_acceptor_variant	2	PVS1;PM2_Supporting	Why does fastVEP call Likely_pathogenic when ClinVar (2-star) says Likely_benign?
